pdf_page,classification,worlds,lessons,topics,activities,memorization,status,source
1,front_matter,,,,,,pending_review,source/book.pdf#page=1
2,front_matter,,,,,,pending_review,source/book.pdf#page=2
3,front_matter,,,,,,pending_review,source/book.pdf#page=3
4,front_matter,,,,,,pending_review,source/book.pdf#page=4
5,front_matter,,,,,,pending_review,source/book.pdf#page=5
6,front_matter,,,,,,pending_review,source/book.pdf#page=6
7,chapter_introduction,,,,,,pending_review,source/book.pdf#page=7
8,educational,faith,faith-001,أركان الإيمان,book-activity-01,memory-094,pending_review,source/book.pdf#page=8
9,educational,faith,faith-002,أركان الإسلام,book-activity-02,memory-095,pending_review,source/book.pdf#page=9
10,educational,faith,faith-003,شعب الإيمان,book-activity-03,memory-096,pending_review,source/book.pdf#page=10
11,educational,faith;memorization,faith-004;memorization-003,أسماء الله الحسنى;حفظ أسماء الله,,memory-084;memory-085;memory-086;memory-087;memory-088;memory-089;memory-090;memory-091;memory-092;memory-093;memory-097,pending_review,source/book.pdf#page=11
12,educational,faith,faith-005,ربي وديني ونبيي,book-activity-04,,pending_review,source/book.pdf#page=12
13,educational,faith,faith-006,معرفة الله,book-activity-05,,pending_review,source/book.pdf#page=13
14,educational,faith,faith-007,التوحيد,book-activity-06,,pending_review,source/book.pdf#page=14
15,educational,faith,faith-008,الإيمان بالملائكة,book-activity-07,,pending_review,source/book.pdf#page=15
16,educational,faith,faith-009,الإيمان بالكتب,book-open-01,,pending_review,source/book.pdf#page=16
17,educational,faith,faith-010,الإيمان بالرسل,book-activity-08,,pending_review,source/book.pdf#page=17
18,educational,faith,faith-011,نبينا محمد ﷺ,book-open-02,,pending_review,source/book.pdf#page=18
19,educational,faith,faith-012,اليوم الآخر,book-open-03,,pending_review,source/book.pdf#page=19
20,educational,faith,faith-013,القدر والتوكل,book-activity-09,,pending_review,source/book.pdf#page=20
21,educational,faith,faith-014,ما أخبرنا به الوحي عن الغيب,,,pending_review,source/book.pdf#page=21
22,educational,faith,faith-015,الحديث وكتبه,book-activity-10,,pending_review,source/book.pdf#page=22
23,educational,faith,faith-016,اتباع النبي ﷺ,book-open-04,,pending_review,source/book.pdf#page=23
24,educational,faith,faith-017,آل البيت والصحابة,book-activity-11,memory-098,pending_review,source/book.pdf#page=24
25,separator_or_blank,,,,,,pending_review,source/book.pdf#page=25
26,separator_or_blank,,,,,,pending_review,source/book.pdf#page=26
27,chapter_introduction,,,,,,pending_review,source/book.pdf#page=27
28,educational,manners,manners-001,آداب المسجد,book-activity-12,memory-099;memory-100;memory-101,pending_review,source/book.pdf#page=28
29,educational,manners,manners-002,السلام ورد السلام,book-activity-13,memory-102;memory-103,pending_review,source/book.pdf#page=29
30,educational,manners,manners-003,آداب اللباس,book-activity-14,,pending_review,source/book.pdf#page=30
31,educational,manners,manners-004,آداب الطعام والشراب,,memory-104;memory-105,pending_review,source/book.pdf#page=31
32,educational,manners,manners-004,آداب الطعام والشراب,,,pending_review,source/book.pdf#page=32
33,educational,manners,manners-005,الطعام الحلال,,,pending_review,source/book.pdf#page=33
34,educational,manners,manners-006,قبل النوم,book-open-05,,pending_review,source/book.pdf#page=34
35,educational,manners,manners-007,عند الاستيقاظ,book-open-06,,pending_review,source/book.pdf#page=35
36,educational,manners,manners-008,آداب الخلاء,,memory-106,pending_review,source/book.pdf#page=36
37,educational,manners,manners-009,آداب العطاس,book-activity-15,memory-107,pending_review,source/book.pdf#page=37
38,separator_or_blank,,,,,,pending_review,source/book.pdf#page=38
39,chapter_introduction,,,,,,pending_review,source/book.pdf#page=39
40,educational,conduct,conduct-001,كلام الخير وحسن التعامل,,memory-108;memory-109,pending_review,source/book.pdf#page=40
41,educational,conduct,conduct-002,عدم الغيبة,,memory-110,pending_review,source/book.pdf#page=41
42,educational,conduct,conduct-003,طهارة اللسان,book-open-07,memory-111,pending_review,source/book.pdf#page=42
43,educational,conduct,conduct-004,إن شاء الله,book-activity-16,,pending_review,source/book.pdf#page=43
44,educational,conduct,conduct-005,ضبط الغضب,book-open-08,memory-112,pending_review,source/book.pdf#page=44
45,educational,conduct,conduct-006,الصدق وترك الخداع,book-open-09,memory-113;memory-114,pending_review,source/book.pdf#page=45
46,educational,conduct,conduct-007,بر الوالدين,book-open-10,memory-115,pending_review,source/book.pdf#page=46
47,educational,conduct,conduct-008,صلة الرحم,book-open-11,memory-116,pending_review,source/book.pdf#page=47
48,educational,conduct,conduct-009,التعرف إلى المحارم,book-activity-17,,pending_review,source/book.pdf#page=48
49,educational,conduct,conduct-009,التعرف إلى المحارم,book-activity-18,,pending_review,source/book.pdf#page=49
50,educational,conduct,conduct-010,الأدب مع المعلم,,memory-117,pending_review,source/book.pdf#page=50
51,educational,conduct,conduct-011,التراحم والتعاون,,memory-118,pending_review,source/book.pdf#page=51
52,educational,conduct,conduct-012,ترك الأذى,book-open-12,memory-119,pending_review,source/book.pdf#page=52
53,educational,conduct,conduct-013,المصالحة وترك القطيعة,book-open-13,memory-120,pending_review,source/book.pdf#page=53
54,educational,conduct,conduct-014,احترام كبار السن,book-open-14,memory-121,pending_review,source/book.pdf#page=54
55,educational,conduct,conduct-015,حق الجار,book-open-15,memory-122,pending_review,source/book.pdf#page=55
56,educational,conduct,conduct-016,زيارة المريض,,memory-123,pending_review,source/book.pdf#page=56
57,separator_or_blank,,,,,,pending_review,source/book.pdf#page=57
58,separator_or_blank,,,,,,pending_review,source/book.pdf#page=58
59,chapter_introduction,,,,,,pending_review,source/book.pdf#page=59
60,educational,worship,worship-001,النية,,memory-124,pending_review,source/book.pdf#page=60
61,educational,worship,worship-002,خطوات الوضوء,,,pending_review,source/book.pdf#page=61
62,educational,worship,worship-003,الصلوات الخمس وأوقاتها,,,pending_review,source/book.pdf#page=62
63,educational,worship,worship-004;worship-005,القيام والقراءة والركوع;الاعتدال والسجود,,,pending_review,source/book.pdf#page=63
64,educational,worship,worship-004;worship-005,القيام والقراءة والركوع;الاعتدال والسجود,,,pending_review,source/book.pdf#page=64
65,educational,worship,worship-004;worship-005,القيام والقراءة والركوع;الاعتدال والسجود,,,pending_review,source/book.pdf#page=65
66,educational,worship,worship-005,الاعتدال والسجود,,,pending_review,source/book.pdf#page=66
67,educational,worship,worship-006,التشهد والتسليم,,,pending_review,source/book.pdf#page=67
68,educational,worship,worship-006,التشهد والتسليم,,memory-125;memory-126;memory-127,pending_review,source/book.pdf#page=68
69,educational,worship,worship-006,التشهد والتسليم,,,pending_review,source/book.pdf#page=69
70,educational,worship,worship-007,الأذكار بعد الصلاة,,,pending_review,source/book.pdf#page=70
71,educational,worship,worship-008,صلاة الجمعة,,memory-128,pending_review,source/book.pdf#page=71
72,educational,worship,worship-009,السنن الرواتب,,memory-129,pending_review,source/book.pdf#page=72
73,educational,worship,worship-010,صلاة الوتر,,,pending_review,source/book.pdf#page=73
74,educational,worship,worship-011,الأذان والإقامة,,,pending_review,source/book.pdf#page=74
75,educational,worship,worship-011,الأذان والإقامة,book-open-16,,pending_review,source/book.pdf#page=75
76,prayer_tracking_form,,,,,,pending_review,source/book.pdf#page=76
77,prayer_tracking_form,,,,,,pending_review,source/book.pdf#page=77
78,prayer_tracking_form,,,,,,pending_review,source/book.pdf#page=78
79,prayer_tracking_form,,,,,,pending_review,source/book.pdf#page=79
80,prayer_tracking_form,,,,,,pending_review,source/book.pdf#page=80
81,prayer_tracking_form,,,,,,pending_review,source/book.pdf#page=81
82,educational,worship,worship-012,الزكاة والصدقة,book-activity-19,,pending_review,source/book.pdf#page=82
83,educational,worship,worship-013,تدريب حساب الزكاة,book-activity-20,,pending_review,source/book.pdf#page=83
84,educational,worship,worship-014,الصيام وحسن الخلق,,memory-130,pending_review,source/book.pdf#page=84
85,educational,worship,worship-015,صيام التطوع,,,pending_review,source/book.pdf#page=85
86,educational,worship,worship-016,الحج: الإحرام والطواف والسعي,,,pending_review,source/book.pdf#page=86
87,educational,worship,worship-016,الحج: الإحرام والطواف والسعي,,,pending_review,source/book.pdf#page=87
88,educational,worship,worship-016;worship-017,الحج: الإحرام والطواف والسعي;الحج: منى وعرفة ومزدلفة,,,pending_review,source/book.pdf#page=88
89,educational,worship,worship-017;worship-018,الحج: منى وعرفة ومزدلفة;الحج: إتمام المناسك,,,pending_review,source/book.pdf#page=89
90,educational,worship,worship-018,الحج: إتمام المناسك,,,pending_review,source/book.pdf#page=90
91,educational,worship,worship-018,الحج: إتمام المناسك,,,pending_review,source/book.pdf#page=91
92,separator_or_blank,,,,,,pending_review,source/book.pdf#page=92
93,chapter_introduction,,,,,,pending_review,source/book.pdf#page=93
94,educational,quran,quran-001,الفاتحة,book-activity-21,,pending_review,source/book.pdf#page=94
95,educational,quran,quran-001,الفاتحة,book-activity-21,,pending_review,source/book.pdf#page=95
96,educational,quran,quran-001,الفاتحة,book-activity-21,,pending_review,source/book.pdf#page=96
97,educational,quran,quran-002,آية الكرسي,book-activity-22,,pending_review,source/book.pdf#page=97
98,educational,quran,quran-002,آية الكرسي,book-activity-22,,pending_review,source/book.pdf#page=98
99,educational,quran,quran-003,الضحى,book-activity-23,,pending_review,source/book.pdf#page=99
100,educational,quran,quran-003,الضحى,book-activity-23,,pending_review,source/book.pdf#page=100
101,educational,quran,quran-003,الضحى,book-activity-23,,pending_review,source/book.pdf#page=101
102,educational,quran,quran-004,الشرح,book-activity-24,,pending_review,source/book.pdf#page=102
103,educational,quran,quran-004,الشرح,book-activity-24,,pending_review,source/book.pdf#page=103
104,educational,quran,quran-004,الشرح,book-activity-24,,pending_review,source/book.pdf#page=104
105,educational,quran,quran-005,التين,book-activity-25,,pending_review,source/book.pdf#page=105
106,educational,quran,quran-005,التين,book-activity-25,,pending_review,source/book.pdf#page=106
107,educational,quran,quran-005,التين,book-activity-25,,pending_review,source/book.pdf#page=107
108,educational,quran,quran-006,العلق,book-activity-26,,pending_review,source/book.pdf#page=108
109,educational,quran,quran-006,العلق,book-activity-26,,pending_review,source/book.pdf#page=109
110,educational,quran,quran-006,العلق,book-activity-26,,pending_review,source/book.pdf#page=110
111,educational,quran,quran-006,العلق,book-activity-26,,pending_review,source/book.pdf#page=111
112,educational,quran,quran-007,القدر,book-activity-27,,pending_review,source/book.pdf#page=112
113,educational,quran,quran-007,القدر,book-activity-27,,pending_review,source/book.pdf#page=113
114,educational,quran,quran-008,البينة,book-activity-28,,pending_review,source/book.pdf#page=114
115,educational,quran,quran-008,البينة,book-activity-28,,pending_review,source/book.pdf#page=115
116,educational,quran,quran-008,البينة,book-activity-28,,pending_review,source/book.pdf#page=116
117,educational,quran,quran-008,البينة,book-activity-28,,pending_review,source/book.pdf#page=117
118,educational,quran,quran-009,الزلزلة,book-activity-29,,pending_review,source/book.pdf#page=118
119,educational,quran,quran-009,الزلزلة,book-activity-29,,pending_review,source/book.pdf#page=119
120,educational,quran,quran-010,العاديات,book-activity-30,,pending_review,source/book.pdf#page=120
121,educational,quran,quran-010,العاديات,book-activity-30,,pending_review,source/book.pdf#page=121
122,educational,quran,quran-010,العاديات,book-activity-30,,pending_review,source/book.pdf#page=122
123,educational,quran,quran-011,القارعة,book-activity-31,,pending_review,source/book.pdf#page=123
124,educational,quran,quran-011,القارعة,book-activity-31,,pending_review,source/book.pdf#page=124
125,educational,quran,quran-012,التكاثر,book-activity-32,,pending_review,source/book.pdf#page=125
126,educational,quran,quran-012,التكاثر,book-activity-32,,pending_review,source/book.pdf#page=126
127,educational,quran,quran-013,العصر,book-activity-33,,pending_review,source/book.pdf#page=127
128,educational,quran,quran-013,العصر,book-activity-33,,pending_review,source/book.pdf#page=128
129,educational,quran,quran-014,الهمزة,book-activity-34,,pending_review,source/book.pdf#page=129
130,educational,quran,quran-014,الهمزة,book-activity-34,,pending_review,source/book.pdf#page=130
131,educational,quran,quran-015,الفيل,book-activity-35,,pending_review,source/book.pdf#page=131
132,educational,quran,quran-015,الفيل,book-activity-35,,pending_review,source/book.pdf#page=132
133,educational,quran,quran-016,قريش,book-activity-36,,pending_review,source/book.pdf#page=133
134,educational,quran,quran-016,قريش,book-activity-36,,pending_review,source/book.pdf#page=134
135,educational,quran,quran-017,الماعون,book-activity-37,,pending_review,source/book.pdf#page=135
136,educational,quran,quran-017,الماعون,book-activity-37,,pending_review,source/book.pdf#page=136
137,educational,quran,quran-018,الكوثر,book-activity-38,,pending_review,source/book.pdf#page=137
138,educational,quran,quran-018,الكوثر,book-activity-38,,pending_review,source/book.pdf#page=138
139,educational,quran,quran-019,الكافرون,book-activity-39,,pending_review,source/book.pdf#page=139
140,educational,quran,quran-019,الكافرون,book-activity-39,,pending_review,source/book.pdf#page=140
141,educational,quran,quran-020,النصر,book-activity-40,,pending_review,source/book.pdf#page=141
142,educational,quran,quran-020,النصر,book-activity-40,,pending_review,source/book.pdf#page=142
143,educational,quran,quran-021,المسد,book-activity-41,,pending_review,source/book.pdf#page=143
144,educational,quran,quran-021,المسد,book-activity-41,,pending_review,source/book.pdf#page=144
145,educational,quran,quran-022,الإخلاص,book-activity-42,,pending_review,source/book.pdf#page=145
146,educational,quran,quran-022,الإخلاص,book-activity-42,,pending_review,source/book.pdf#page=146
147,educational,quran,quran-023,الفلق,book-activity-43,,pending_review,source/book.pdf#page=147
148,educational,quran,quran-023,الفلق,book-activity-43,,pending_review,source/book.pdf#page=148
149,educational,quran,quran-024,الناس,book-activity-44,,pending_review,source/book.pdf#page=149
150,educational,quran,quran-024,الناس,book-activity-44,,pending_review,source/book.pdf#page=150
151,separator_or_blank,,,,,,pending_review,source/book.pdf#page=151
152,separator_or_blank,,,,,,pending_review,source/book.pdf#page=152
153,chapter_introduction,,,,,,pending_review,source/book.pdf#page=153
154,educational,stories,stories-001,الرجل الذي سقى الكلب,,,pending_review,source/book.pdf#page=154
155,educational,stories,stories-002,الجارية راعية الغنم,,,pending_review,source/book.pdf#page=155
156,educational,stories,stories-002,الجارية راعية الغنم,,,pending_review,source/book.pdf#page=156
157,educational,stories,stories-003,الأبرص والأقرع والأعمى,,,pending_review,source/book.pdf#page=157
158,educational,stories,stories-003,الأبرص والأقرع والأعمى,,,pending_review,source/book.pdf#page=158
159,educational,stories,stories-003,الأبرص والأقرع والأعمى,,,pending_review,source/book.pdf#page=159
160,educational,stories,stories-004,المسيح عيسى ابن مريم ﷺ,,,pending_review,source/book.pdf#page=160
161,educational,stories,stories-004,المسيح عيسى ابن مريم ﷺ,,,pending_review,source/book.pdf#page=161
162,educational,stories,stories-004,المسيح عيسى ابن مريم ﷺ,,,pending_review,source/book.pdf#page=162
163,educational,stories,stories-005,ربح البيع أبا الدحداح,,,pending_review,source/book.pdf#page=163
164,educational,stories,stories-005,ربح البيع أبا الدحداح,,,pending_review,source/book.pdf#page=164
165,educational,stories,stories-006,إسلام سلمان الفارسي,,,pending_review,source/book.pdf#page=165
166,educational,stories,stories-006,إسلام سلمان الفارسي,,,pending_review,source/book.pdf#page=166
167,educational,stories,stories-006,إسلام سلمان الفارسي,,,pending_review,source/book.pdf#page=167
168,educational,stories,stories-007,إسلام أم أبي هريرة,,,pending_review,source/book.pdf#page=168
169,educational,stories,stories-007,إسلام أم أبي هريرة,,,pending_review,source/book.pdf#page=169
170,educational,stories,stories-007,إسلام أم أبي هريرة,,,pending_review,source/book.pdf#page=170
171,educational,stories,stories-008,مقتل عمر بن الخطاب,,,pending_review,source/book.pdf#page=171
172,educational,stories,stories-008,مقتل عمر بن الخطاب,,,pending_review,source/book.pdf#page=172
173,educational,stories,stories-008,مقتل عمر بن الخطاب,,,pending_review,source/book.pdf#page=173
174,educational,stories,stories-008,مقتل عمر بن الخطاب,,,pending_review,source/book.pdf#page=174
175,educational,stories,stories-009,إسلام عبد الله بن مسعود,,,pending_review,source/book.pdf#page=175
176,educational,stories,stories-009,إسلام عبد الله بن مسعود,,,pending_review,source/book.pdf#page=176
177,educational,stories,stories-010,فتح القدس,,,pending_review,source/book.pdf#page=177
178,educational,stories,stories-010,فتح القدس,,,pending_review,source/book.pdf#page=178
179,educational,stories,stories-011,الغلام والساحر,,,pending_review,source/book.pdf#page=179
180,educational,stories,stories-011,الغلام والساحر,,,pending_review,source/book.pdf#page=180
181,educational,stories,stories-011,الغلام والساحر,,,pending_review,source/book.pdf#page=181
182,educational,stories,stories-011,الغلام والساحر,,,pending_review,source/book.pdf#page=182
183,educational,stories,stories-012,بداية الخلق: آدم والتوبة,,,pending_review,source/book.pdf#page=183
184,educational,stories,stories-012,بداية الخلق: آدم والتوبة,,,pending_review,source/book.pdf#page=184
185,educational,stories,stories-012,بداية الخلق: آدم والتوبة,,,pending_review,source/book.pdf#page=185
186,educational,stories,stories-013,بداية الخلق: الذرية والأمانة,,,pending_review,source/book.pdf#page=186
187,educational,stories,stories-013,بداية الخلق: الذرية والأمانة,,,pending_review,source/book.pdf#page=187
188,educational,stories,stories-013,بداية الخلق: الذرية والأمانة,,,pending_review,source/book.pdf#page=188
189,educational,stories,stories-014,صاحب الخشبة,,,pending_review,source/book.pdf#page=189
190,educational,stories,stories-014,صاحب الخشبة,,,pending_review,source/book.pdf#page=190
191,educational,stories,stories-015,من رغب عن سنتي فليس مني,,,pending_review,source/book.pdf#page=191
192,educational,stories,stories-015,من رغب عن سنتي فليس مني,,,pending_review,source/book.pdf#page=192
193,educational,stories,stories-016,آخر من يدخل الجنة,,,pending_review,source/book.pdf#page=193
194,educational,stories,stories-016,آخر من يدخل الجنة,book-open-17,,pending_review,source/book.pdf#page=194
195,educational,stories,stories-016,آخر من يدخل الجنة,,,pending_review,source/book.pdf#page=195
196,educational,stories,stories-017,موسى والخضر عليهما السلام,,,pending_review,source/book.pdf#page=196
197,educational,stories,stories-017,موسى والخضر عليهما السلام,,,pending_review,source/book.pdf#page=197
198,educational,stories,stories-017,موسى والخضر عليهما السلام,,,pending_review,source/book.pdf#page=198
199,educational,stories,stories-017,موسى والخضر عليهما السلام,,,pending_review,source/book.pdf#page=199
200,educational,stories,stories-018,إبراهيم وهاجر,,,pending_review,source/book.pdf#page=200
201,educational,stories,stories-018,إبراهيم وهاجر,,,pending_review,source/book.pdf#page=201
202,educational,stories,stories-018,إبراهيم وهاجر,,,pending_review,source/book.pdf#page=202
203,educational,stories,stories-019,المرأة التي كانت تقم المسجد,,,pending_review,source/book.pdf#page=203
204,educational,stories,stories-019,المرأة التي كانت تقم المسجد,,,pending_review,source/book.pdf#page=204
205,educational,stories,stories-020,الإسراء والمعراج,,,pending_review,source/book.pdf#page=205
206,educational,stories,stories-020,الإسراء والمعراج,,,pending_review,source/book.pdf#page=206
207,educational,stories,stories-020,الإسراء والمعراج,,,pending_review,source/book.pdf#page=207
208,educational,stories,stories-021,ماشطة ابنة فرعون,,,pending_review,source/book.pdf#page=208
209,educational,stories,stories-021,ماشطة ابنة فرعون,,,pending_review,source/book.pdf#page=209
210,educational,stories,stories-022,لا أعلوك يا رسول الله,,,pending_review,source/book.pdf#page=210
211,educational,stories,stories-022,لا أعلوك يا رسول الله,,,pending_review,source/book.pdf#page=211
212,educational,stories,stories-023,جرة الذهب,,,pending_review,source/book.pdf#page=212
213,separator_or_blank,,,,,,pending_review,source/book.pdf#page=213
214,separator_or_blank,,,,,,pending_review,source/book.pdf#page=214
215,chapter_introduction,,,,,,pending_review,source/book.pdf#page=215
216,educational,memorization,memorization-001,حفظ جزء عم,,memory-001;memory-002;memory-003;memory-004;memory-005;memory-006;memory-007;memory-008;memory-009;memory-010;memory-011;memory-012;memory-013;memory-014;memory-015;memory-016;memory-017;memory-018;memory-019;memory-020;memory-021,pending_review,source/book.pdf#page=216
217,educational,memorization,memorization-001,حفظ جزء عم,,memory-022;memory-023;memory-024;memory-025;memory-026;memory-027;memory-028;memory-029;memory-030;memory-031;memory-032;memory-033;memory-034;memory-035;memory-036;memory-037;memory-038;memory-039;memory-040;memory-041;memory-042;memory-043;memory-044,pending_review,source/book.pdf#page=217
218,educational,memorization,memorization-002,حفظ جزء تبارك,,memory-045;memory-046;memory-047;memory-048;memory-049;memory-050;memory-051;memory-052;memory-053;memory-054;memory-055;memory-056;memory-057;memory-058;memory-059;memory-060;memory-061;memory-062;memory-063,pending_review,source/book.pdf#page=218
219,educational,memorization,memorization-002,حفظ جزء تبارك,,memory-064;memory-065;memory-066;memory-067;memory-068;memory-069;memory-070;memory-071;memory-072;memory-073;memory-074;memory-075;memory-076;memory-077;memory-078;memory-079;memory-080;memory-081;memory-082;memory-083,pending_review,source/book.pdf#page=219
220,memorization_or_assessment,,,,,,pending_review,source/book.pdf#page=220
221,memorization_or_assessment,,,,,,pending_review,source/book.pdf#page=221
222,educational,memorization,memorization-003,حفظ أسماء الله,,memory-084;memory-085;memory-086;memory-087;memory-088;memory-089;memory-090;memory-091;memory-092;memory-093,pending_review,source/book.pdf#page=222
223,educational,memorization,memorization-004,حفظ الأحاديث,,memory-094;memory-095;memory-096;memory-097;memory-098;memory-099;memory-100;memory-101;memory-102;memory-103;memory-104;memory-105;memory-106;memory-107;memory-108;memory-109;memory-110;memory-111,pending_review,source/book.pdf#page=223
224,educational,memorization,memorization-004,حفظ الأحاديث,,memory-112;memory-113;memory-114;memory-115;memory-116;memory-117;memory-118;memory-119;memory-120;memory-121;memory-122;memory-123;memory-124;memory-125;memory-126;memory-127;memory-128;memory-129;memory-130,pending_review,source/book.pdf#page=224
225,educational,memorization,memorization-004,حفظ الأحاديث,,,pending_review,source/book.pdf#page=225
226,family_correspondence_form,,,,,,pending_review,source/book.pdf#page=226
227,family_correspondence_form,,,,,,pending_review,source/book.pdf#page=227
228,family_correspondence_form,,,,,,pending_review,source/book.pdf#page=228
229,family_correspondence_form,,,,,,pending_review,source/book.pdf#page=229
230,family_correspondence_form,,,,,,pending_review,source/book.pdf#page=230
231,family_correspondence_form,,,,,,pending_review,source/book.pdf#page=231
232,family_correspondence_form,,,,,,pending_review,source/book.pdf#page=232
233,family_correspondence_form,,,,,,pending_review,source/book.pdf#page=233
234,family_correspondence_form,,,,,,pending_review,source/book.pdf#page=234
235,family_correspondence_form,,,,,,pending_review,source/book.pdf#page=235
236,answer_key,,,,,,pending_review,source/book.pdf#page=236
237,answer_key,,,,,,pending_review,source/book.pdf#page=237
238,answer_key,,,,,,pending_review,source/book.pdf#page=238
239,separator_or_blank,,,,,,pending_review,source/book.pdf#page=239
240,author_note,,,,,,pending_review,source/book.pdf#page=240
241,author_note,,,,,,pending_review,source/book.pdf#page=241
242,author_note,,,,,,pending_review,source/book.pdf#page=242
243,table_of_contents,,,,,,pending_review,source/book.pdf#page=243
244,table_of_contents,,,,,,pending_review,source/book.pdf#page=244
245,table_of_contents,,,,,,pending_review,source/book.pdf#page=245
246,table_of_contents,,,,,,pending_review,source/book.pdf#page=246
247,table_of_contents,,,,,,pending_review,source/book.pdf#page=247
248,table_of_contents,,,,,,pending_review,source/book.pdf#page=248
249,table_of_contents,,,,,,pending_review,source/book.pdf#page=249
250,table_of_contents,,,,,,pending_review,source/book.pdf#page=250
251,table_of_contents,,,,,,pending_review,source/book.pdf#page=251
252,table_of_contents,,,,,,pending_review,source/book.pdf#page=252
253,separator_or_blank,,,,,,pending_review,source/book.pdf#page=253
254,separator_or_blank,,,,,,pending_review,source/book.pdf#page=254
